awards_nominations,awards_wins,budget,genre,gross_worldwide_usd,movie_id,movie_link,origin,rank,rating,runtime_mins,title,votes,year
53,35,"$4,000,000 (estimated)",Drama,"64,417,003",tt8267604,https://www.imdb.com/title/tt8267604/,"Lebanon,France,Cyprus,Qatar,United Kingdom",94,8.258187920953747,126,Capernaum,84797,2018
13,11,"$839,727 (estimated)","Drama,Mystery","1,645,133",tt0033467,https://www.imdb.com/title/tt0033467/,United States,93,8.25873144025384,119,Citizen Kane,434489,1941
111,73,"$20,000,000 (estimated)","Drama,Romance,Sci-Fi","74,036,715",tt0338013,https://www.imdb.com/title/tt0338013/,United States,91,8.265109850914525,108,Eternal Sunshine of the Spotless Mind,981563,2004
20,23,"$32,500,000 (estimated)","Action,Adventure,Fantasy,Sci-Fi","475,106,177",tt0086190,https://www.imdb.com/title/tt0086190/,United States,88,8.268479316029945,131,Star Wars: Episode VI - Return of the Jedi,1022378,1983
23,12,"$1,200,000 (estimated)","Crime,Drama,Thriller","2,913,644",tt0105236,https://www.imdb.com/title/tt0105236/,United States,90,8.265222034489458,99,Reservoir Dogs,990904,1992
12,16,"$12,000,000 (estimated)","Adventure,Sci-Fi","65,877,808",tt0062622,https://www.imdb.com/title/tt0062622/,"United Kingdom,United States",89,8.26619212542499,149,2001: A Space Odyssey,651992,1968
3,3,,"Crime,Drama,Mystery,Thriller","46,808",tt0057565,https://www.imdb.com/title/tt0057565/,Japan,92,8.262382279659493,143,High and Low,42847,1963
43,21,"$25,000,000 (estimated)",Drama,"28,884,504",tt0111161,https://www.imdb.com/title/tt0111161/,United States,1,9.233681964934744,142,The Shawshank Redemption,2588136,1994
27,63,"₹550,000,000 (estimated)","Comedy,Drama","60,262,836",tt1187043,https://www.imdb.com/title/tt1187043/,India,87,8.26863600301617,170,3 Idiots,386308,2009
9,7,"$2,540,800 (estimated)","Comedy,Musical,Romance","1,923,485",tt0045152,https://www.imdb.com/title/tt0045152/,United States,85,8.273985824290955,103,Singin' in the Rain,237287,1952
96,61,"$200,000,000 (estimated)","Animation,Adventure,Comedy,Family,Fantasy","1,066,970,811",tt0435761,https://www.imdb.com/title/tt0435761/,United States,84,8.276999386415573,103,Toy Story 3,814129,2010
26,16,"¥370,000,000 (estimated)","Animation,Drama,Fantasy,Romance","358,180,115",tt5311514,https://www.imdb.com/title/tt5311514/,Japan,86,8.273626067678121,106,Your Name.,250812,2016
70,37,"$4,500,000 (estimated)",Drama,"7,390,108",tt0180093,https://www.imdb.com/title/tt0180093/,United States,83,8.277554928120466,102,Requiem for a Dream,821299,2000
61,24,"$10,000,000 (estimated)","Drama,Romance","225,933,435",tt0119217,https://www.imdb.com/title/tt0119217/,United States,82,8.286133106391139,126,Good Will Hunting,938034,1997
12,12,"$30,000,000 (estimated)","Crime,Drama","5,473,337",tt0087843,https://www.imdb.com/title/tt0087843/,"Italy,United States",80,8.301974634372906,229,Once Upon a Time in America,343089,1984
132,70,"$356,000,000 (estimated)","Action,Adventure,Drama,Sci-Fi","2,797,501,328",tt4154796,https://www.imdb.com/title/tt4154796/,United States,81,8.30021767614261,181,Avengers: Endgame,1053070,2019
121,79,"$25,000,000 (estimated)",Drama,"216,639,112",tt1454029,https://www.imdb.com/title/tt1454029/,United States,247,8.00496458733923,146,The Help,450110,2011
32,32,"$25,000,000 (estimated)","Animation,Family,Fantasy,Musical,Romance","424,967,620",tt0101414,https://www.imdb.com/title/tt0101414/,United States,248,8.003719530047807,84,Beauty and the Beast,442753,1991
38,51,"$22,000,000 (estimated)","Adventure,Drama,Western","424,208,848",tt0099348,https://www.imdb.com/title/tt0099348/,"United States,United Kingdom",249,8.001691325973944,181,Dances with Wolves,260178,1990
21,35,"$22,000,000 (estimated)","Biography,Drama","52,767,889",tt0083987,https://www.imdb.com/title/tt0083987/,"United Kingdom,India,United States,South Africa",245,8.007187174877727,191,Gandhi,228131,1982
22,33,"$28,000,000 (estimated)","Animation,Adventure,Comedy,Family,Fantasy,Musical,Romance","504,050,219",tt0103639,https://www.imdb.com/title/tt0103639/,United States,246,8.007029950778104,90,Aladdin,403649,1992
0,0,"$4,000,000 (estimated)",Comedy,"20,745,728",tt0079470,https://www.imdb.com/title/tt0079470/,United Kingdom,241,8.015302770733609,94,Life of Brian,393050,1979
108,70,"₩10,000,000,000 (estimated)","Drama,Romance,Thriller","37,767,206",tt4016934,https://www.imdb.com/title/tt4016934/,South Korea,244,8.008923613825823,145,The Handmaiden,138738,2016
13,17,"$8,200,000 (estimated)","Biography,Drama,Family,Musical,Romance","159,428,329",tt0059742,https://www.imdb.com/title/tt0059742/,United States,242,8.013632974808322,172,The Sound of Music,226731,1965
7,14,,"Drama,Family","18,612,999",tt0476735,https://www.imdb.com/title/tt0476735/,Turkey,239,8.01590940918082,112,My Father and My Son,85629,2005
15,8,"€2,590,000 (estimated)","Crime,Drama","412,914",tt0113247,https://www.imdb.com/title/tt0113247/,"France,United States",240,8.015611546824953,98,La Haine,168392,1995
5,11,,"Drama,Thriller","90,556",tt0060827,https://www.imdb.com/title/tt0060827/,Sweden,238,8.015947713159132,83,Persona,115715,1966
2,8,"$4,000,000 (estimated)","Adventure,Biography,Drama","14,480",tt0071411,https://www.imdb.com/title/tt0071411/,"Soviet Union,Japan",235,8.01820887429017,142,Dersu Uzala,28307,1975
7,10,,"Crime,Drama","127,244",tt0053198,https://www.imdb.com/title/tt0053198/,France,237,8.016305698985,99,The 400 Blows,115606,1959
104,38,"$140,000,000 (estimated)","Action,Adventure,Fantasy","654,264,015",tt0325980,https://www.imdb.com/title/tt0325980/,United States,236,8.016813330770175,143,Pirates of the Caribbean: The Curse of the Black Pearl,1085331,2003
25,55,"$2,000,000 (estimated)","Drama,Thriller","20,908,467",tt0245712,https://www.imdb.com/title/tt0245712/,Mexico,234,8.021297309680973,154,Amores perros,237311,2000
10,4,"$3,200,000 (estimated)","Crime,Drama",67,tt0061512,https://www.imdb.com/title/tt0061512/,United States,233,8.021561643997082,127,Cool Hand Luke,174601,1967
9,9,"$800,000 (estimated)","Drama,War","962,002",tt0058946,https://www.imdb.com/title/tt0058946/,"Italy,Algeria",229,8.02305237786149,121,The Battle of Algiers,59126,1966
10,7,"$1,288,000 (estimated)","Drama,Film-Noir,Mystery,Romance,Thriller","72,275",tt0032976,https://www.imdb.com/title/tt0032976/,United States,230,8.023028548125586,130,Rebecca,135168,1940
2,2,,"Comedy,Romance,War","4,578,000",tt0035446,https://www.imdb.com/title/tt0035446/,United States,228,8.024354192523226,99,To Be or Not to Be,36066,1942
56,67,"$92,000,000 (estimated)","Animation,Action,Adventure,Family","631,607,053",tt0317705,https://www.imdb.com/title/tt0317705/,United States,227,8.025140435006131,115,The Incredibles,710802,2004
32,9,"$2,700,000 (estimated)","Drama,Romance","15,936,507",tt0381681,https://www.imdb.com/title/tt0381681/,"United States,France",225,8.028003705145393,80,Before Sunset,257344,2004
17,7,"$14,600,000 (estimated)","Comedy,Drama,Fantasy,Romance","71,108,591",tt0107048,https://www.imdb.com/title/tt0107048/,United States,222,8.032987631942783,101,Groundhog Day,615033,1993
4,21,"$2,100,000 (estimated)","Drama,Romance,War","23,656,620",tt0036868,https://www.imdb.com/title/tt0036868/,United States,226,8.02587801047023,170,The Best Years of Our Lives,63166,1946
17,16,"$11,000,000 (estimated)",Horror,"441,306,145",tt0070047,https://www.imdb.com/title/tt0070047/,United States,224,8.028684854658223,122,The Exorcist,392450,1973
42,67,"$150,000,000 (estimated)","Animation,Adventure,Comedy,Family,Fantasy","623,726,085",tt0382932,https://www.imdb.com/title/tt0382932/,United States,223,8.030580498885936,111,Ratatouille,704061,2007
0,0,"$16,000,000 (estimated)","Biography,Drama,Family","46,749,646",tt1028532,https://www.imdb.com/title/tt1028532/,"United Kingdom,United States",232,8.02184005190151,93,Hachi: A Dog's Tale,277921,2009
80,28,"$97,000,000 (estimated)","Action,Drama,Sci-Fi,Thriller","619,179,950",tt3315342,https://www.imdb.com/title/tt3315342/,United States,221,8.03472846188197,137,Logan,730250,2017
16,13,"$2,777,000 (estimated)","Adventure,Family,Fantasy,Musical","25,637,669",tt0032138,https://www.imdb.com/title/tt0032138/,United States,220,8.036098229774721,102,The Wizard of Oz,390269,1939
26,20,"$3,800,000 (estimated)",Drama,"23,690,757",tt0074958,https://www.imdb.com/title/tt0074958/,United States,219,8.037224267644703,121,Network,157172,1976
106,23,"$15,000,000 (estimated)","Adventure,Biography,Drama","56,675,895",tt0758758,https://www.imdb.com/title/tt0758758/,United States,218,8.03837836503012,148,Into the Wild,612287,2007
65,6,"$38,000,000 (estimated)","Action,Biography,Drama,Sport","96,983,009",tt1979320,https://www.imdb.com/title/tt1979320/,"United Kingdom,United States",216,8.039961961284616,123,Rush,468861,2013
6,8,"$6,400,000 (estimated)","Action,Sci-Fi","78,371,200",tt0088247,https://www.imdb.com/title/tt0088247/,"United Kingdom,United States",215,8.041343976208838,107,The Terminator,842511,1984
143,124,"$20,000,000 (estimated)","Biography,Crime,Drama","98,690,254",tt1895587,https://www.imdb.com/title/tt1895587/,United States,217,8.039261498149122,129,Spotlight,459636,2015
11,5,"$8,000,000 (estimated)","Adventure,Drama","52,287,414",tt0092005,https://www.imdb.com/title/tt0092005/,United States,214,8.042447952416252,89,Stand by Me,393589,1986
91,25,"$97,600,000 (estimated)","Action,Biography,Drama,Sport","225,508,210",tt1950186,https://www.imdb.com/title/tt1950186/,United States,213,8.04505336491824,152,Ford v Ferrari,367335,2019
49,16,"$17,500,000 (estimated)","Biography,Drama,History,War","33,882,243",tt0395169,https://www.imdb.com/title/tt0395169/,"United Kingdom,South Africa,Italy,United States",208,8.053616510237763,121,Hotel Rwanda,351188,2004
19,20,"$16,400,000 (estimated)","Comedy,Drama","235,860,116",tt0097165,https://www.imdb.com/title/tt0097165/,United States,210,8.051676033944558,128,Dead Poets Society,472426,1989
0,3,,Drama,"40,468",tt0046438,https://www.imdb.com/title/tt0046438/,Japan,209,8.052037600312651,136,Tokyo Story,60387,1953
2,11,,Drama,"135,342",tt0048473,https://www.imdb.com/title/tt0048473/,India,207,8.055527683499891,125,Pather Panchali,31577,1955
20,15,"$7,000,000 (estimated)","Adventure,Thriller","471,411,300",tt0073195,https://www.imdb.com/title/tt0073195/,United States,205,8.057841097008552,124,Jaws,583493,1975
38,15,"$115,000,000 (estimated)","Animation,Adventure,Comedy,Family,Fantasy","579,707,738",tt0198781,https://www.imdb.com/title/tt0198781/,United States,204,8.05804224678606,92,"Monsters, Inc.",883766,2001
2,5,,"Biography,Drama,History","21,877",tt0019254,https://www.imdb.com/title/tt0019254/,France,206,8.056413749719471,114,The Passion of Joan of Arc,53600,1928
63,25,"$165,000,000 (estimated)","Animation,Action,Adventure,Comedy,Family,Fantasy","494,879,471",tt0892769,https://www.imdb.com/title/tt0892769/,United States,201,8.062069529962619,98,How to Train Your Dragon,720431,2010
9,5,"A$8,240,000 (estimated)","Animation,Comedy,Drama","1,740,429",tt0978762,https://www.imdb.com/title/tt0978762/,Australia,203,8.06053816311558,92,Mary and Max,175073,2009
58,49,"$3,300,000 (estimated)","Comedy,Drama,Thriller","30,642,704",tt3011894,https://www.imdb.com/title/tt3011894/,"Argentina,Spain,France,United Kingdom",199,8.064792273390562,122,Wild Tales,193870,2014
2,10,"$150,000 (estimated)","Drama,Fantasy","288,931",tt0050976,https://www.imdb.com/title/tt0050976/,Sweden,196,8.066743380626276,96,The Seventh Seal,181887,1957
18,5,"$15,000,000 (estimated)","Comedy,Crime","46,969,081",tt0118715,https://www.imdb.com/title/tt0118715/,"United States,United Kingdom",200,8.063407231734375,117,The Big Lebowski,790926,1998
115,56,"$40,000,000 (estimated)","Biography,Drama,History,War","180,563,636",tt2119532,https://www.imdb.com/title/tt2119532/,"Australia,United States",197,8.066507703920546,139,Hacksaw Ridge,502472,2016
140,108,"$13,000,000 (estimated)","Drama,Thriller","35,401,758",tt3170832,https://www.imdb.com/title/tt3170832/,"Ireland,Canada,United Kingdom,United States",194,8.06853766216064,118,Room,409518,2015
15,19,"$11,000,000 (estimated)","Adventure,Drama,War","198,992",tt0072684,https://www.imdb.com/title/tt0072684/,"United Kingdom,United States",193,8.068666963230553,185,Barry Lyndon,164130,1975
5,33,"$2,800,000 (estimated)","Crime,Drama,Mystery,Thriller","1,166,717",tt0353969,https://www.imdb.com/title/tt0353969/,South Korea,195,8.06799943638041,132,Memories of Murder,173458,2003
226,134,"$25,000,000 (estimated)","Adventure,Comedy,Crime","173,082,189",tt2278388,https://www.imdb.com/title/tt2278388/,"United States,Germany",189,8.071892318980415,99,The Grand Budapest Hotel,781413,2014
0,6,,"Adventure,Drama,Thriller","1,098",tt0046268,https://www.imdb.com/title/tt0046268/,"France,Italy",191,8.070449812262142,131,The Wages of Fear,60116,1953
41,7,"$13,000,000 (estimated)","Biography,Crime,Drama","65,796,862",tt0107207,https://www.imdb.com/title/tt0107207/,"Ireland,United Kingdom",188,8.074699946960363,133,In the Name of the Father,171698,1993
16,6,"$1,900,000 (estimated)","Comedy,Drama","144,738",tt0031679,https://www.imdb.com/title/tt0031679/,United States,190,8.071700994383896,129,Mr. Smith Goes to Washington,114401,1939
27,24,"$15,000,000 (estimated)","Drama,War","49,074,379",tt0077416,https://www.imdb.com/title/tt0077416/,"United States,United Kingdom",185,8.076210004924384,183,The Deer Hunter,333773,1978
94,46,"$125,000,000 (estimated)","Adventure,Fantasy,Mystery","1,342,359,942",tt1201607,https://www.imdb.com/title/tt1201607/,"United Kingdom,United States",187,8.075376392332629,130,Harry Potter and the Deathly Hallows: Part 2,846594,2011
188,64,"$61,000,000 (estimated)","Drama,Mystery,Thriller","369,330,363",tt2267998,https://www.imdb.com/title/tt2267998/,United States,183,8.077504052094733,149,Gone Girl,951986,2014
337,242,"$20,000,000 (estimated)","Biography,Drama,History","187,733,202",tt2024544,https://www.imdb.com/title/tt2024544/,"United States,United Kingdom",182,8.0780438332481,134,12 Years a Slave,686269,2013
7,0,"$2,500,000 (estimated)","Drama,Romance","5,987,386",tt0112471,https://www.imdb.com/title/tt0112471/,"United States,Austria",186,8.07593591569266,101,Before Sunrise,298801,1995
4,18,,"Drama,Romance","14,524",tt0050986,https://www.imdb.com/title/tt0050986/,Sweden,184,8.077263320401789,91,Wild Strawberries,105727,1957
5,13,"$180,000 (estimated)","Drama,Family,Sport","933,933",tt0118849,https://www.imdb.com/title/tt0118849/,Iran,179,8.081735602611468,89,Children of Heaven,73568,1997
16,29,"$15,000,000 (estimated)","Adventure,Drama,History","74,437,720",tt0052618,https://www.imdb.com/title/tt0052618/,United States,180,8.0790286499685,212,Ben-Hur,235711,1959
4,5,,"Film-Noir,Mystery,Thriller","1,226,797",tt0041959,https://www.imdb.com/title/tt0041959/,United Kingdom,178,8.083081482956429,93,The Third Man,169526,1949
38,10,"$46,000,000 (estimated)","Crime,Drama,Mystery,Thriller","122,126,687",tt1392214,https://www.imdb.com/title/tt1392214/,United States,172,8.09381809928507,153,Prisoners,680644,2013
3,3,"$923,000 (estimated)","Adventure,Comedy,Drama,Western","26,975",tt0015864,https://www.imdb.com/title/tt0015864/,United States,174,8.087928103753814,95,The Gold Rush,109774,1925
19,12,MVR 20 (estimated),"Action,Drama,Sci-Fi,Thriller","41,722,424",tt0083658,https://www.imdb.com/title/tt0083658/,United States,175,8.08727307814093,117,Blade Runner,749295,1982
86,67,"$30,000,000 (estimated)","Drama,Sport","216,763,646",tt0405159,https://www.imdb.com/title/tt0405159/,United States,173,8.090222362270358,132,Million Dollar Baby,675638,2004
2,5,"$3,700,000 (estimated)","Animation,Comedy,Family,Fantasy","30,574,632",tt0096283,https://www.imdb.com/title/tt0096283/,Japan,171,8.09563701624758,86,My Neighbor Totoro,327757,1988
46,16,"$52,000,000 (estimated)","Biography,Crime,Drama","352,114,312",tt0264464,https://www.imdb.com/title/tt0264464/,"United States,Canada",176,8.08552915495554,141,Catch Me If You Can,939559,2002
58,83,"$7,000,000 (estimated)","Crime,Thriller","60,611,975",tt0116282,https://www.imdb.com/title/tt0116282/,"United States,United Kingdom",170,8.103597872371868,98,Fargo,664186,1996
20,14,"$24,000,000 (estimated)","Animation,Adventure,Family,Fantasy","236,323,601",tt0347149,https://www.imdb.com/title/tt0347149/,Japan,165,8.114116152951956,119,Howl's Moving Castle,379646,2004
22,21,"$33,000,000 (estimated)",Drama,"269,958,228",tt1205489,https://www.imdb.com/title/tt1205489/,"Germany,United States",168,8.10584715871422,116,Gran Torino,761975,2008
235,133,"$15,000,000 (estimated)","Comedy,Crime,Drama","160,260,573",tt5027774,https://www.imdb.com/title/tt5027774/,"United Kingdom,United States",166,8.111880210361921,115,"Three Billboards Outside Ebbing, Missouri",490368,2017
22,5,"$25,000,000 (estimated)","Action,Drama,Sport","23,308,615",tt1291584,https://www.imdb.com/title/tt1291584/,United States,169,8.105563053970068,140,Warrior,463639,2011
35,23,"£1,500,000 (estimated)",Drama,"16,767,475",tt0117951,https://www.imdb.com/title/tt0117951/,United Kingdom,167,8.111773355405434,93,Trainspotting,674180,1996
8,30,"$3,000,000 (estimated)","Adventure,Drama,War","27,200,000",tt0050212,https://www.imdb.com/title/tt0050212/,"United Kingdom,United States",164,8.115011690720461,161,The Bridge on the River Kwai,217316,1957
43,53,"$2,000,000 (estimated)","Drama,Mystery,Romance,Thriller","35,079,650",tt1305806,https://www.imdb.com/title/tt1305806/,"Argentina,Spain",163,8.118382519013121,129,The Secret in Their Eyes,206534,2009
3,5,"$1,400,000 (estimated)","Crime,Thriller","31,207",tt0046912,https://www.imdb.com/title/tt0046912/,United States,162,8.119165580394963,105,Dial M for Murder,172538,1954
116,101,"$175,000,000 (estimated)","Animation,Adventure,Comedy,Drama,Family,Fantasy","858,848,019",tt2096673,https://www.imdb.com/title/tt2096673/,United States,159,8.125099374314216,95,Inside Out,688312,2015
29,7,"$54,000,000 (estimated)","Action,Drama,Sci-Fi,Thriller","132,511,035",tt0434409,https://www.imdb.com/title/tt0434409/,"United States,United Kingdom,Germany",158,8.126586414392207,132,V for Vendetta,1099449,2005
12,21,"$3,977,000 (estimated)","Drama,History,Romance,War","402,382,193",tt0031381,https://www.imdb.com/title/tt0031381/,United States,157,8.127350396203145,238,Gone with the Wind,310366,1939
28,24,"$18,000,000 (estimated)","Biography,Drama,Sport","23,402,427",tt0081398,https://www.imdb.com/title/tt0081398/,United States,155,8.130473426570449,129,Raging Bull,346280,1980
24,21,"$6,000,000 (estimated)","Drama,Mystery,Thriller","29,225,935",tt0071315,https://www.imdb.com/title/tt0071315/,United States,156,8.129244168286183,130,Chinatown,319875,1974
9,13,"£960,000 (estimated)","Action,Comedy,Crime","3,753,929",tt0120735,https://www.imdb.com/title/tt0120735/,United Kingdom,160,8.123994539701537,107,"Lock, Stock and Two Smoking Barrels",571322,1998
27,44,"$63,000,000 (estimated)","Action,Adventure,Sci-Fi,Thriller","1,099,428,303",tt0107290,https://www.imdb.com/title/tt0107290/,United States,151,8.136902892656071,127,Jurassic Park,946188,1993
63,48,"$94,000,000 (estimated)","Animation,Adventure,Comedy,Family","940,352,645",tt0266543,https://www.imdb.com/title/tt0266543/,United States,154,8.131144196136471,100,Finding Nemo,1017714,2003
140,163,"$25,000,000 (estimated)","Crime,Drama,Thriller","171,627,166",tt0477348,https://www.imdb.com/title/tt0477348/,United States,152,8.134913967557655,122,No Country for Old Men,942146,2007
22,10,"$5,000,000 (estimated)","Biography,Drama","26,023,860",tt0080678,https://www.imdb.com/title/tt0080678/,"United States,United Kingdom",153,8.131440829814345,124,The Elephant Man,237082,1980
66,11,"$80,000,000 (estimated)","Mystery,Thriller","294,805,697",tt1130884,https://www.imdb.com/title/tt1130884/,United States,149,8.14193039341088,138,Shutter Island,1259015,2010
11,3,"$4,000,000 (estimated)","Adventure,Drama,History,Thriller,War","228,178",tt0057115,https://www.imdb.com/title/tt0057115/,United States,148,8.142580525223934,172,The Great Escape,240829,1963
5,9,"$250,000 (estimated)","Crime,Drama,Mystery","46,808",tt0042876,https://www.imdb.com/title/tt0042876/,Japan,147,8.143490299943407,88,Rashomon,165575,1950
8,16,"$3,000,000 (estimated)","Adventure,Drama,Western","5,014,000",tt0040897,https://www.imdb.com/title/tt0040897/,United States,146,8.147874913927678,126,The Treasure of the Sierra Madre,123183,1948
2,4,,"Action,Drama,Thriller","46,808",tt0055630,https://www.imdb.com/title/tt0055630/,Japan,145,8.149243000549728,110,Yojimbo,120921,1961
104,29,"$30,000,000 (estimated)","Action,Crime,Drama,Thriller","180,906,076",tt0266697,https://www.imdb.com/title/tt0266697/,United States,150,8.137189062268165,111,Kill Bill: Vol. 1,1084591,2003
69,40,"$60,000,000 (estimated)","Comedy,Drama","264,118,201",tt0120382,https://www.imdb.com/title/tt0120382/,United States,144,8.15055067109425,103,The Truman Show,1037483,1998
3,3,"£229,575 (estimated)","Adventure,Comedy,Fantasy","1,940,906",tt0071853,https://www.imdb.com/title/tt0071853/,United Kingdom,143,8.153212561308711,91,Monty Python and the Holy Grail,531728,1975
69,37,"$58,000,000 (estimated)","Biography,Drama","316,791,257",tt0268978,https://www.imdb.com/title/tt0268978/,United States,142,8.153336201965692,135,A Beautiful Mind,911079,2001
56,37,"$40,000,000 (estimated)","Drama,Mystery,Thriller","672,806,432",tt0167404,https://www.imdb.com/title/tt0167404/,United States,141,8.153624334225457,107,The Sixth Sense,969462,1999
137,116,"$25,000,000 (estimated)",Drama,"76,182,388",tt0469494,https://www.imdb.com/title/tt0469494/,United States,140,8.15429928400302,158,There Will Be Blood,570115,2007
47,50,"$14,400,000 (estimated)","Drama,Western","159,167,799",tt0105695,https://www.imdb.com/title/tt0105695/,United States,136,8.165168281577541,130,Unforgiven,404239,1992
11,4,"$52,000,000 (estimated)","Crime,Drama","116,112,375",tt0112641,https://www.imdb.com/title/tt0112641/,"United States,France",138,8.163573020878227,178,Casino,506262,1995
23,30,"$11,500,000 (estimated)","Action,Drama,War","4,164,283",tt0089881,https://www.imdb.com/title/tt0089881/,"Japan,France",139,8.163166570221582,162,Ran,123398,1985
25,16,"$3,000,000 (estimated)","Drama,War","12,180",tt0055031,https://www.imdb.com/title/tt0055031/,United States,135,8.168080635446982,179,Judgment at Nuremberg,76339,1961
115,109,"$19,000,000 (estimated)","Drama,Fantasy,War","83,862,032",tt0457430,https://www.imdb.com/title/tt0457430/,"Mexico,Spain",137,8.16389137640825,118,Pan's Labyrinth,656522,2006
20,26,"$1,400,000 (estimated)",Drama,"151,052",tt0042192,https://www.imdb.com/title/tt0042192/,United States,132,8.180162350647302,138,All About Eve,129655,1950
157,35,,"Drama,Mystery","24,517,755",tt10272386,https://www.imdb.com/title/tt10272386/,"United Kingdom,France,United States",131,8.18424629895087,97,The Father,135627,2020
124,59,"$23,000,000 (estimated)","Biography,Comedy,Drama,Music","321,752,656",tt6966692,https://www.imdb.com/title/tt6966692/,"United States,China",133,8.17428439677777,130,Green Book,464492,2018
15,15,"$2,883,848 (estimated)","Comedy,Music,Romance","195,088",tt0053291,https://www.imdb.com/title/tt0053291/,United States,130,8.191660880855657,121,Some Like It Hot,262324,1959
19,29,"₹700,000,000 (estimated)","Action,Biography,Drama,Sport","303,723,636",tt5074352,https://www.imdb.com/title/tt5074352/,"India,United States",128,8.198065497994518,161,Dangal,182966,2016
79,13,"$150,000,000 (estimated)","Action,Crime,Drama","373,672,993",tt0372784,https://www.imdb.com/title/tt0372784/,"United States,United Kingdom",127,8.202669802725252,140,Batman Begins,1428024,2005
0,2,"$250,000 (estimated)","Comedy,Drama,Family","41,960",tt0012349,https://www.imdb.com/title/tt0012349/,United States,129,8.194843277103097,68,The Kid,124588,1921
15,24,,"Drama,Family","21,897,373",tt0986264,https://www.imdb.com/title/tt0986264/,India,124,8.206373557700422,165,Like Stars on Earth,188636,2007
206,134,"$95,000,000 (estimated)","Action,Drama,War","384,919,389",tt8579674,https://www.imdb.com/title/tt8579674/,"United Kingdom,United States,India,Spain",123,8.212326604070494,119,1917,550624,2019
3,20,"$133,000 (estimated)",Drama,"436,655",tt0040522,https://www.imdb.com/title/tt0040522/,Italy,122,8.217623766931977,89,Bicycle Thieves,160825,1948
6,8,"$28,000,000 (estimated)","Action,Thriller","141,603,197",tt0095016,https://www.imdb.com/title/tt0095016/,United States,119,8.220338006147715,132,Die Hard,857591,1988
34,22,"€13,500,000 (estimated)","Biography,Drama,History,War","92,181,574",tt0363163,https://www.imdb.com/title/tt0363163/,"Germany,Austria,Italy",125,8.20475612032427,156,Downfall,350368,2004
22,8,"$48,000,000 (estimated)","Action,Adventure","474,171,806",tt0097576,https://www.imdb.com/title/tt0097576/,United States,121,8.218429105587242,127,Indiana Jones and the Last Crusade,738551,1989
50,89,"$500,000 (estimated)",Drama,"22,926,076",tt1832382,https://www.imdb.com/title/tt1832382/,"Iran,France,Australia",118,8.220524184946335,123,A Separation,241442,2011
7,4,"£6,000,000 (estimated)","Comedy,Crime","83,557,872",tt0208092,https://www.imdb.com/title/tt0208092/,"United Kingdom,United States",117,8.220791868092217,102,Snatch,837062,2000
18,40,"$6,800,000 (estimated)","Drama,Mystery,War","6,788,659",tt1255953,https://www.imdb.com/title/tt1255953/,"Canada,France",120,8.219012363576834,131,Incendies,172224,2010
7,6,"DEM 6,000,000 (estimated)","Drama,Sci-Fi","1,349,711",tt0017136,https://www.imdb.com/title/tt0017136/,Germany,116,8.221181766757667,153,Metropolis,171605,1927
87,79,"$175,000,000 (estimated)","Animation,Adventure,Comedy,Drama,Family","735,099,102",tt1049413,https://www.imdb.com/title/tt1049413/,United States,114,8.224158769883568,96,Up,1014475,2009
86,92,"$35,000,000 (estimated)","Crime,Drama,Mystery,Thriller","126,216,940",tt0119488,https://www.imdb.com/title/tt0119488/,United States,112,8.225659563436233,138,L.A. Confidential,571854,1997
2,5,,Drama,"96,302",tt0044741,https://www.imdb.com/title/tt0044741/,Japan,111,8.228997187227488,143,Ikiru,76789,1952
20,22,"$1,300,000 (estimated)","Crime,Drama","28,570,902",tt0075314,https://www.imdb.com/title/tt0075314/,United States,109,8.229148356226482,114,Taxi Driver,797434,1976
55,27,"$200,000,000 (estimated)","Action,Adventure,Fantasy,Sci-Fi","1,892,667,830",tt10872600,https://www.imdb.com/title/tt10872600/,United States,107,8.232527340144658,148,Spider-Man: No Way Home,633007,2021
16,14,"$2,000,000 (estimated)","Crime,Drama","599,146",tt0056592,https://www.imdb.com/title/tt0056592/,United States,108,8.229284964976555,129,To Kill a Mockingbird,311887,1962
6,18,"$5,500,000 (estimated)","Comedy,Crime,Drama","156,000,000",tt0070735,https://www.imdb.com/title/tt0070735/,United States,110,8.229007232469906,129,The Sting,257655,1973
8,24,"$3,000,000 (estimated)","Comedy,Drama,Romance","18,778,738",tt0053604,https://www.imdb.com/title/tt0053604/,United States,105,8.236940088383149,125,The Apartment,178273,1960
9,2,"$927,262 (estimated)","Crime,Drama,Film-Noir,Mystery,Thriller","14,190",tt0036775,https://www.imdb.com/title/tt0036775/,United States,104,8.2381724916941,107,Double Indemnity,154352,1944
0,3,,"Drama,Thriller,War","20,929,648",tt0091251,https://www.imdb.com/title/tt0091251/,Soviet Union,102,8.243183531939872,142,Come and See,75050,1985
15,8,"$30,000,000 (estimated)","Drama,War","46,357,676",tt0093058,https://www.imdb.com/title/tt0093058/,"United Kingdom,United States",103,8.240378331244601,116,Full Metal Jacket,724623,1987
24,12,"$2,200,000 (estimated)","Crime,Sci-Fi","26,960,374",tt0066921,https://www.imdb.com/title/tt0066921/,"United Kingdom,United States",101,8.245566788253862,136,A Clockwork Orange,810282,1971
7,8,"$2,479,000 (estimated)","Mystery,Romance,Thriller","7,797,728",tt0052357,https://www.imdb.com/title/tt0052357/,United States,99,8.248359408233481,128,Vertigo,394560,1958
10,8,"$3,101,000 (estimated)","Action,Adventure,Mystery,Thriller","142,319",tt0053125,https://www.imdb.com/title/tt0053125/,United States,98,8.254270562544955,136,North by Northwest,321746,1959
74,59,"$10,000,000 (estimated)","Comedy,Romance","174,118,254",tt0211915,https://www.imdb.com/title/tt0211915/,"France,Germany",100,8.247167308930187,122,Amélie,743639,2001
0,2,,"Crime,Mystery,Thriller","35,566",tt0022100,https://www.imdb.com/title/tt0022100/,Germany,96,8.255035356338935,99,M,155317,1931
73,38,"$3,800,000 (estimated)",Drama,"15,843,274",tt2106476,https://www.imdb.com/title/tt2106476/,"Denmark,Sweden",97,8.254837654174413,115,The Hunt,319817,2012
7,14,"¥2,400,000,000 (estimated)","Animation,Action,Adventure,Fantasy","169,785,704",tt0119698,https://www.imdb.com/title/tt0119698/,Japan,79,8.303943927649128,134,Princess Mononoke,382314,1997
40,109,"$175,000,000 (estimated)","Animation,Adventure,Comedy,Family,Fantasy,Music,Mystery","807,817,888",tt2380307,https://www.imdb.com/title/tt2380307/,United States,76,8.312344335042543,105,Coco,477600,2017
172,133,"$70,000,000 (estimated)","Adventure,Drama,War","321,457,747",tt0361748,https://www.imdb.com/title/tt0361748/,"Germany,United States",78,8.310287955337714,153,Inglourious Basterds,1395249,2009
11,13,"DEM 32,000,000 (estimated)","Drama,War","11,487,676",tt0082096,https://www.imdb.com/title/tt0082096/,West Germany,77,8.311993730325748,149,The Boat,247142,1981
15,31,"$15,000,000 (estimated)","Adventure,Biography,Drama,War","45,716,692",tt0056172,https://www.imdb.com/title/tt0056172/,United Kingdom,95,8.256579377974495,218,Lawrence of Arabia,288155,1962
23,27,"$30,000,000 (estimated)","Animation,Adventure,Comedy,Family,Fantasy","394,436,586",tt0114709,https://www.imdb.com/title/tt0114709/,United States,75,8.314329864330272,81,Toy Story,964136,1995
34,33,"$72,000,000 (estimated)","Biography,Drama,History,War","213,216,216",tt0112573,https://www.imdb.com/title/tt0112573/,United States,73,8.315708363930803,178,Braveheart,1017331,1995
15,43,"$18,000,000 (estimated)","Biography,Drama,Music","52,066,791",tt0086879,https://www.imdb.com/title/tt0086879/,"United States,France",74,8.315341892387686,160,Amadeus,393667,1984
103,39,"$250,000,000 (estimated)","Action,Crime,Drama","1,081,153,097",tt1345836,https://www.imdb.com/title/tt1345836/,"United States,United Kingdom",69,8.3290636893521,164,The Dark Knight Rises,1653791,2012
11,14,"$1,800,000 (estimated)","Comedy,War","9,523,464",tt0057012,https://www.imdb.com/title/tt0057012/,"United Kingdom,United States",68,8.334249372010103,95,Dr. Strangelove or: How I Learned to Stop Worrying and Love the Bomb,480534,1964
57,82,"$90,000,000 (estimated)","Animation,Action,Adventure,Comedy,Family,Fantasy,Sci-Fi","375,540,831",tt4633694,https://www.imdb.com/title/tt4633694/,United States,70,8.327470399137152,117,Spider-Man: Into the Spider-Verse,490833,2018
102,111,"$15,000,000 (estimated)",Drama,"356,296,601",tt0169547,https://www.imdb.com/title/tt0169547/,United States,67,8.338710269840368,122,American Beauty,1132279,1999
23,20,"$18,500,000 (estimated)","Action,Adventure,Sci-Fi,Thriller","131,060,248",tt0090605,https://www.imdb.com/title/tt0090605/,"United Kingdom,United States",66,8.344533773015309,137,Aliens,699912,1986
79,46,"$321,000,000 (estimated)","Action,Adventure,Sci-Fi","2,048,359,754",tt4154756,https://www.imdb.com/title/tt4154756/,United States,65,8.35438904243595,149,Avengers: Infinity War,1015249,2018
239,122,"$55,000,000 (estimated)","Crime,Drama,Thriller","1,074,445,730",tt7286456,https://www.imdb.com/title/tt7286456/,"United States,Canada",71,8.320525418088353,122,Joker,1193088,2019
6,6,"$2,000,000 (estimated)","Comedy,Drama,War","970,263",tt0032553,https://www.imdb.com/title/tt0032553/,United States,63,8.36678019700021,125,The Great Dictator,220219,1940
16,4,"$3,000,000 (estimated)","Crime,Drama,Mystery,Thriller","7,693",tt0051201,https://www.imdb.com/title/tt0051201/,United States,64,8.356669575913529,116,Witness for the Prosecution,122193,1957
8,4,"$19,000,000 (estimated)","Drama,Horror","47,299,460",tt0081505,https://www.imdb.com/title/tt0081505/,"United Kingdom,United States",62,8.368080895542066,146,The Shining,985747,1980
20,18,"$1,752,000 (estimated)","Drama,Film-Noir","300,073",tt0043014,https://www.imdb.com/title/tt0043014/,United States,60,8.383279442415244,110,Sunset Blvd.,217726,1950
4,7,"$935,000 (estimated)","Drama,War","5,252",tt0050825,https://www.imdb.com/title/tt0050825/,United States,61,8.370679745653396,88,Paths of Glory,193475,1957
158,58,"$100,000,000 (estimated)","Drama,Western","426,074,373",tt1853728,https://www.imdb.com/title/tt1853728/,United States,57,8.402133636086814,165,Django Unchained,1496083,2012
38,80,"$2,000,000 (estimated)","Drama,Mystery,Thriller","77,356,942",tt0405094,https://www.imdb.com/title/tt0405094/,"Germany,France",59,8.386653843311683,137,The Lives of Others,383391,2006
0,0,,"Action,Adventure,Comedy,Fantasy,Sci-Fi","53,355,613",tt6710474,https://www.imdb.com/title/tt6710474/,United States,55,8.421277631774098,139,Everything Everywhere All at Once,50737,2022
33,21,"$31,500,000 (estimated)","Drama,Mystery,War","92,158,064",tt0078788,https://www.imdb.com/title/tt0078788/,United States,54,8.425585097311414,147,Apocalypse Now,651398,1979
95,94,"$180,000,000 (estimated)","Animation,Adventure,Family,Sci-Fi","521,311,890",tt0910970,https://www.imdb.com/title/tt0910970/,United States,58,8.392331764176703,98,WALL·E,1084485,2008
59,57,"$9,000,000 (estimated)","Mystery,Thriller","40,047,078",tt0209144,https://www.imdb.com/title/tt0209144/,United States,53,8.426501861284828,113,Memento,1207686,2000
24,38,"$18,000,000 (estimated)","Action,Adventure","389,925,971",tt0082971,https://www.imdb.com/title/tt0082971/,United States,56,8.412007456638834,115,Indiana Jones and the Raiders of the Lost Ark,943929,1981
22,18,"$11,000,000 (estimated)","Horror,Sci-Fi","106,285,522",tt0078748,https://www.imdb.com/title/tt0078748/,"United Kingdom,United States",50,8.435512516205893,117,Alien,854270,1979
32,25,"$5,000,000 (estimated)","Drama,Romance","13,019,063",tt0095765,https://www.imdb.com/title/tt0095765/,"Italy,France",52,8.428775723047002,155,Cinema Paradiso,254777,1988
0,3,"$1,500,000 (estimated)","Comedy,Drama,Romance","50,419",tt0021749,https://www.imdb.com/title/tt0021749/,United States,51,8.434511547781275,87,City Lights,181652,1931
13,6,"$1,000,000 (estimated)","Mystery,Thriller","37,034,514",tt0047396,https://www.imdb.com/title/tt0047396/,United States,49,8.437522068369391,112,Rear Window,480829,1954
3,9,,"Action,Drama,Mystery","15,222",tt0056058,https://www.imdb.com/title/tt0056058/,Japan,46,8.448958093095449,133,Hara-Kiri,53953,1962
0,3,"$3,700,000 (estimated)","Animation,Drama,War","516,962",tt0095327,https://www.imdb.com/title/tt0095327/,Japan,48,8.446829359891222,89,Grave of the Fireflies,267025,1988
145,98,"$3,300,000 (estimated)","Drama,Music","49,396,747",tt2582802,https://www.imdb.com/title/tt2582802/,United States,43,8.459384211717788,106,Whiplash,809312,2014
0,4,"$1,500,000 (estimated)","Comedy,Drama,Romance","461,455",tt0027977,https://www.imdb.com/title/tt0027977/,United States,45,8.450033553903815,87,Modern Times,237393,1936
5,4,"$5,000,000 (estimated)",Western,"5,434,825",tt0064116,https://www.imdb.com/title/tt0064116/,"Italy,United States",47,8.448303245614726,165,Once Upon a Time in the West,323469,1968
9,10,"$950,000 (estimated)","Drama,Romance,War","4,497,613",tt0034583,https://www.imdb.com/title/tt0034583/,United States,42,8.465766824500434,102,Casablanca,559736,1942
40,38,"€9,500,000 (estimated)","Biography,Comedy,Drama","426,588,510",tt1675434,https://www.imdb.com/title/tt1675434/,France,44,8.454214858221661,112,The Intouchables,832214,2011
45,6,"$40,000,000 (estimated)","Drama,Mystery,Thriller","109,676,311",tt0482571,https://www.imdb.com/title/tt0482571/,"United States,United Kingdom",41,8.467839118196643,130,The Prestige,1294449,2006
141,97,"$90,000,000 (estimated)","Crime,Drama,Thriller","291,480,452",tt0407887,https://www.imdb.com/title/tt0407887/,"United States,Hong Kong",40,8.47498570094396,151,The Departed,1286632,2006
15,4,"$20,000,000 (estimated)",Drama,"23,875,127",tt0120586,https://www.imdb.com/title/tt0120586/,United States,38,8.484920733299848,119,American History X,1096773,1998
106,59,"$103,000,000 (estimated)","Action,Adventure,Drama","465,380,802",tt0172495,https://www.imdb.com/title/tt0172495/,"United States,United Kingdom,Malta,Morocco",37,8.484987264200374,155,Gladiator,1454722,2000
35,40,"$45,000,000 (estimated)","Animation,Adventure,Drama,Family,Musical","1,063,611,805",tt0110357,https://www.imdb.com/title/tt0110357/,United States,36,8.488454066550664,88,The Lion King,1025023,1994
74,57,"$35,000,000 (estimated)","Biography,Drama,Music,War","120,072,577",tt0253474,https://www.imdb.com/title/tt0253474/,"France,Poland,Germany,United Kingdom",33,8.504486221091907,150,The Pianist,805623,2002
271,308,"$11,400,000 (estimated)","Comedy,Drama,Thriller","263,136,741",tt6751668,https://www.imdb.com/title/tt6751668/,South Korea,35,8.495382686214386,132,Parasite,744055,2019
17,37,"$6,000,000 (estimated)","Crime,Drama,Mystery,Thriller","23,341,568",tt0114814,https://www.imdb.com/title/tt0114814/,"United States,Germany",39,8.477140356507817,106,The Usual Suspects,1061054,1995
15,6,"FRF 115,000,000 (estimated)","Action,Crime,Drama,Thriller","19,552,639",tt0110413,https://www.imdb.com/title/tt0110413/,"France,United States",34,8.50130926626822,110,Léon: The Professional,1127119,1994
33,36,"$102,000,000 (estimated)","Action,Sci-Fi","520,881,154",tt0103064,https://www.imdb.com/title/tt0103064/,United States,29,8.534715921010749,137,Terminator 2: Judgment Day,1068725,1991
25,22,"$19,000,000 (estimated)","Adventure,Comedy,Sci-Fi","383,336,762",tt0088763,https://www.imdb.com/title/tt0088763/,United States,30,8.517814868570754,116,Back to the Future,1161260,1985
14,7,"$806,947 (estimated)","Horror,Mystery,Thriller","32,041,931",tt0054215,https://www.imdb.com/title/tt0054215/,United States,32,8.5087070666518,109,Psycho,653548,1960
148,44,"$165,000,000 (estimated)","Adventure,Drama,Sci-Fi","701,729,206",tt0816692,https://www.imdb.com/title/tt0816692/,"United States,United Kingdom,Canada",28,8.55419376462853,169,Interstellar,1731345,2014
37,15,"$60,000,000 (estimated)","Crime,Drama,Fantasy,Mystery","286,801,374",tt0120689,https://www.imdb.com/title/tt0120689/,United States,26,8.559439705309646,189,The Green Mile,1258248,1999
52,72,"$20,000,000 (estimated)","Comedy,Drama,Romance,War","230,098,753",tt0118799,https://www.imdb.com/title/tt0118799/,Italy,25,8.566045622230353,116,Life Is Beautiful,676888,1997
31,58,"$19,000,000 (estimated)","Animation,Adventure,Family,Fantasy,Mystery","355,725,195",tt0245429,https://www.imdb.com/title/tt0245429/,Japan,31,8.515283912720964,125,Spirited Away,732755,2001
29,63,"$11,000,000 (estimated)","Action,Adventure,Fantasy,Sci-Fi","775,398,007",tt0076759,https://www.imdb.com/title/tt0076759/,United States,27,8.554679525770334,121,Star Wars,1323055,1977
50,74,"R$3,300,000 (estimated)","Crime,Drama","30,680,793",tt0317248,https://www.imdb.com/title/tt0317248/,"Brazil,France,Germany",23,8.579069281874313,130,City of God,741460,2002
51,69,"$19,000,000 (estimated)","Crime,Drama,Thriller","272,742,922",tt0102926,https://www.imdb.com/title/tt0102926/,United States,22,8.587978025356549,118,The Silence of the Lambs,1385928,1991
75,79,"$70,000,000 (estimated)","Drama,War","482,349,603",tt0120815,https://www.imdb.com/title/tt0120815/,United States,24,8.577353668620905,169,Saving Private Ryan,1347435,1998
6,6,"$3,180,000 (estimated)","Drama,Family,Fantasy,Romance","6,184,298",tt0038650,https://www.imdb.com/title/tt0038650/,United States,21,8.597015358450793,130,It's a Wonderful Life,445078,1946
16,38,"$3,000,000 (estimated)",Drama,"109,114,817",tt0073486,https://www.imdb.com/title/tt0073486/,United States,18,8.641561209998429,133,One Flew Over the Cuckoo's Nest,983843,1975
8,5,"¥125,000,000 (estimated)","Action,Drama","346,258",tt0047478,https://www.imdb.com/title/tt0047478/,Japan,20,8.599224686449112,207,Seven Samurai,339216,1954
38,44,"$25,000,000 (estimated)","Biography,Crime,Drama","47,036,784",tt0099685,https://www.imdb.com/title/tt0099685/,United States,17,8.650646107178721,145,Goodfellas,1116436,1990
43,29,"$33,000,000 (estimated)","Crime,Drama,Mystery,Thriller","327,333,559",tt0114369,https://www.imdb.com/title/tt0114369/,United States,19,8.603830759027177,127,Se7en,1588097,1995
51,42,"$63,000,000 (estimated)","Action,Sci-Fi","467,222,728",tt0133093,https://www.imdb.com/title/tt0133093/,"United States,Australia",16,8.671134305141777,136,The Matrix,1859714,1999
20,25,"$18,000,000 (estimated)","Action,Adventure,Fantasy,Sci-Fi","538,375,067",tt0080684,https://www.imdb.com/title/tt0080684/,United States,15,8.701748696971633,124,Star Wars: Episode V - The Empire Strikes Back,1251543,1980
138,126,"$94,000,000 (estimated)","Action,Adventure,Drama,Fantasy","947,896,241",tt0167261,https://www.imdb.com/title/tt0167261/,"New Zealand,United States",14,8.727321427312345,179,The Lord of the Rings: The Two Towers,1606289,2002
38,11,"$63,000,000 (estimated)",Drama,"101,209,702",tt0137523,https://www.imdb.com/title/tt0137523/,"United States,Germany",12,8.75036268630731,139,Fight Club,2037455,1999
6,3,"$1,200,000 (estimated)","Adventure,Western","25,253,887",tt0060196,https://www.imdb.com/title/tt0060196/,"Italy,Spain,West Germany",10,8.794035587391829,178,"The Good, the Bad and the Ugly",742954,1966
220,157,"$160,000,000 (estimated)","Action,Adventure,Sci-Fi,Thriller","836,848,102",tt1375666,https://www.imdb.com/title/tt1375666/,"United States,United Kingdom",13,8.73285903934691,148,Inception,2271181,2010
75,50,"$55,000,000 (estimated)","Drama,Romance","678,226,133",tt0109830,https://www.imdb.com/title/tt0109830/,United States,11,8.76722834254414,142,Forrest Gump,1997278,1994
75,70,"$8,000,000 (estimated)","Crime,Drama","213,928,762",tt0110912,https://www.imdb.com/title/tt0110912/,United States,8,8.85110078106611,154,Pulp Fiction,1984769,1994
49,91,"$22,000,000 (estimated)","Biography,Drama,History","322,161,245",tt0108052,https://www.imdb.com/title/tt0108052/,United States,6,8.93489799284169,195,Schindler's List,1317124,1993
124,209,"$94,000,000 (estimated)","Action,Adventure,Drama,Fantasy","1,146,436,214",tt0167260,https://www.imdb.com/title/tt0167260/,"New Zealand,United States",7,8.920442571974055,201,The Lord of the Rings: The Return of the King,1778481,2003
126,121,"$93,000,000 (estimated)","Action,Adventure,Drama,Fantasy","898,094,742",tt0120737,https://www.imdb.com/title/tt0120737/,"New Zealand,United States",9,8.803157549599543,178,The Lord of the Rings: The Fellowship of the Ring,1799720,2001
13,17,"$350,000 (estimated)","Crime,Drama",955,tt0050083,https://www.imdb.com/title/tt0050083/,United States,5,8.946982147750786,96,12 Angry Men,764523,1957
163,159,"$185,000,000 (estimated)","Action,Crime,Drama,Thriller","1,006,102,277",tt0468569,https://www.imdb.com/title/tt0468569/,"United States,United Kingdom",3,8.984828715603209,152,The Dark Knight,2558802,2008
20,17,"$13,000,000 (estimated)","Crime,Drama","47,961,010",tt0071562,https://www.imdb.com/title/tt0071562/,United States,4,8.983852402575533,202,The Godfather: Part II,1231569,1974
30,31,"$6,000,000 (estimated)","Crime,Drama","250,341,816",tt0068646,https://www.imdb.com/title/tt0068646/,United States,2,9.155730765283241,175,The Godfather,1783560,1972
